{
  "Q45": {
    "hindi": {
      "distribution": {
        "1": 0.467136,
        "2": 0.368545,
        "3": 0.164319
      },
      "n": 852
    },
    "telugu": {
      "distribution": {
        "1": 0.456647,
        "2": 0.179191,
        "3": 0.364162
      },
      "n": 173
    },
    "marathi": {
      "distribution": {
        "1": 0.52514,
        "2": 0.234637,
        "3": 0.240223
      },
      "n": 179
    },
    "bengali": {
      "distribution": {
        "1": 0.729927,
        "2": 0.211679,
        "3": 0.058394
      },
      "n": 137
    },
    "punjabi": {
      "distribution": {
        "1": 0.628099,
        "2": 0.280992,
        "3": 0.090909
      },
      "n": 121
    }
  },
  "Q46": {
    "hindi": {
      "distribution": {
        "1": 0.384199,
        "2": 0.457792,
        "3": 0.143939,
        "4": 0.014069
      },
      "n": 924
    },
    "telugu": {
      "distribution": {
        "1": 0.370968,
        "2": 0.494624,
        "3": 0.102151,
        "4": 0.032258
      },
      "n": 186
    },
    "marathi": {
      "distribution": {
        "1": 0.306011,
        "2": 0.557377,
        "3": 0.081967,
        "4": 0.054645
      },
      "n": 183
    },
    "bengali": {
      "distribution": {
        "1": 0.361702,
        "2": 0.390071,
        "3": 0.212766,
        "4": 0.035461
      },
      "n": 141
    },
    "punjabi": {
      "distribution": {
        "1": 0.674603,
        "2": 0.246032,
        "3": 0.071429,
        "4": 0.007937
      },
      "n": 126
    }
  },
  "Q49": {
    "hindi": {
      "distribution": {
        "1": 0.035599,
        "2": 0.032362,
        "3": 0.04315,
        "4": 0.044229,
        "5": 0.081985,
        "6": 0.116505,
        "7": 0.153182,
        "8": 0.168285,
        "9": 0.083064,
        "10": 0.24164
      },
      "n": 927
    },
    "telugu": {
      "distribution": {
        "1": 0.016216,
        "2": 0.0,
        "3": 0.021622,
        "4": 0.027027,
        "5": 0.102703,
        "6": 0.075676,
        "7": 0.172973,
        "8": 0.227027,
        "9": 0.124324,
        "10": 0.232432
      },
      "n": 185
    },
    "marathi": {
      "distribution": {
        "1": 0.027322,
        "2": 0.016393,
        "3": 0.04918,
        "4": 0.043716,
        "5": 0.087432,
        "6": 0.103825,
        "7": 0.103825,
        "8": 0.163934,
        "9": 0.136612,
        "10": 0.26776
      },
      "n": 183
    },
    "bengali": {
      "distribution": {
        "1": 0.070922,
        "2": 0.0,
        "3": 0.028369,
        "4": 0.056738,
        "5": 0.085106,
        "6": 0.12766,
        "7": 0.191489,
        "8": 0.141844,
        "9": 0.070922,
        "10": 0.22695
      },
      "n": 141
    },
    "punjabi": {
      "distribution": {
        "1": 0.02381,
        "2": 0.007937,
        "3": 0.031746,
        "4": 0.015873,
        "5": 0.126984,
        "6": 0.166667,
        "7": 0.095238,
        "8": 0.111111,
        "9": 0.079365,
        "10": 0.34127
      },
      "n": 126
    }
  },
  "Q57": {
    "hindi": {
      "distribution": {
        "1": 0.203074,
        "2": 0.796926
      },
      "n": 911
    },
    "telugu": {
      "distribution": {
        "1": 0.156757,
        "2": 0.843243
      },
      "n": 185
    },
    "marathi": {
      "distribution": {
        "1": 0.211111,
        "2": 0.788889
      },
      "n": 180
    },
    "bengali": {
      "distribution": {
        "1": 0.071429,
        "2": 0.928571
      },
      "n": 140
    },
    "punjabi": {
      "distribution": {
        "1": 0.166667,
        "2": 0.833333
      },
      "n": 126
    }
  },
  "Q152": {
    "hindi": {
      "distribution": {
        "1": 0.493088,
        "2": 0.292627,
        "3": 0.130184,
        "4": 0.084101
      },
      "n": 868
    },
    "telugu": {
      "distribution": {
        "1": 0.282486,
        "2": 0.225989,
        "3": 0.141243,
        "4": 0.350282
      },
      "n": 177
    },
    "marathi": {
      "distribution": {
        "1": 0.383333,
        "2": 0.333333,
        "3": 0.138889,
        "4": 0.144444
      },
      "n": 180
    },
    "bengali": {
      "distribution": {
        "1": 0.25,
        "2": 0.392857,
        "3": 0.185714,
        "4": 0.171429
      },
      "n": 140
    },
    "punjabi": {
      "distribution": {
        "1": 0.669355,
        "2": 0.112903,
        "3": 0.153226,
        "4": 0.064516
      },
      "n": 124
    }
  },
  "Q153": {
    "hindi": {
      "distribution": {
        "1": 0.235088,
        "2": 0.353216,
        "3": 0.269006,
        "4": 0.14269
      },
      "n": 855
    },
    "telugu": {
      "distribution": {
        "1": 0.225434,
        "2": 0.346821,
        "3": 0.202312,
        "4": 0.225434
      },
      "n": 173
    },
    "marathi": {
      "distribution": {
        "1": 0.222222,
        "2": 0.472222,
        "3": 0.211111,
        "4": 0.094444
      },
      "n": 180
    },
    "bengali": {
      "distribution": {
        "1": 0.35,
        "2": 0.385714,
        "3": 0.15,
        "4": 0.114286
      },
      "n": 140
    },
    "punjabi": {
      "distribution": {
        "1": 0.152,
        "2": 0.464,
        "3": 0.28,
        "4": 0.104
      },
      "n": 125
    }
  },
  "Q154": {
    "hindi": {
      "distribution": {
        "1": 0.406393,
        "2": 0.188356,
        "3": 0.361872,
        "4": 0.043379
      },
      "n": 876
    },
    "telugu": {
      "distribution": {
        "1": 0.384181,
        "2": 0.180791,
        "3": 0.372881,
        "4": 0.062147
      },
      "n": 177
    },
    "marathi": {
      "distribution": {
        "1": 0.530387,
        "2": 0.248619,
        "3": 0.176796,
        "4": 0.044199
      },
      "n": 181
    },
    "bengali": {
      "distribution": {
        "1": 0.457143,
        "2": 0.178571,
        "3": 0.314286,
        "4": 0.05
      },
      "n": 140
    },
    "punjabi": {
      "distribution": {
        "1": 0.224,
        "2": 0.328,
        "3": 0.384,
        "4": 0.064
      },
      "n": 125
    }
  },
  "Q155": {
    "hindi": {
      "distribution": {
        "1": 0.274882,
        "2": 0.220379,
        "3": 0.359005,
        "4": 0.145735
      },
      "n": 844
    },
    "telugu": {
      "distribution": {
        "1": 0.198864,
        "2": 0.323864,
        "3": 0.340909,
        "4": 0.136364
      },
      "n": 176
    },
    "marathi": {
      "distribution": {
        "1": 0.254144,
        "2": 0.425414,
        "3": 0.18232,
        "4": 0.138122
      },
      "n": 181
    },
    "bengali": {
      "distribution": {
        "1": 0.214286,
        "2": 0.15,
        "3": 0.45,
        "4": 0.185714
      },
      "n": 140
    },
    "punjabi": {
      "distribution": {
        "1": 0.136,
        "2": 0.272,
        "3": 0.448,
        "4": 0.144
      },
      "n": 125
    }
  },
  "Q156": {
    "hindi": {
      "distribution": {
        "1": 0.317811,
        "2": 0.19674,
        "3": 0.182771,
        "4": 0.302678
      },
      "n": 859
    },
    "telugu": {
      "distribution": {
        "1": 0.224138,
        "2": 0.304598,
        "3": 0.252874,
        "4": 0.218391
      },
      "n": 174
    },
    "marathi": {
      "distribution": {
        "1": 0.480663,
        "2": 0.309392,
        "3": 0.121547,
        "4": 0.088398
      },
      "n": 181
    },
    "bengali": {
      "distribution": {
        "1": 0.34058,
        "2": 0.144928,
        "3": 0.166667,
        "4": 0.347826
      },
      "n": 138
    },
    "punjabi": {
      "distribution": {
        "1": 0.460317,
        "2": 0.126984,
        "3": 0.119048,
        "4": 0.293651
      },
      "n": 126
    }
  },
  "Q157": {
    "hindi": {
      "distribution": {
        "1": 0.24399,
        "2": 0.290865,
        "3": 0.236779,
        "4": 0.228365
      },
      "n": 832
    },
    "telugu": {
      "distribution": {
        "1": 0.170588,
        "2": 0.276471,
        "3": 0.282353,